<?xml version="1.0" encoding="UTF-8"?>
<config xmlns="http://www.knime.org/2008/09/XMLConfig" xmlns:xsi="http://www.w3.org/2001/XMLSchema-instance" xsi:schemaLocation="http://www.knime.org/2008/09/XMLConfig http://www.knime.org/XMLConfig_2008_09.xsd" key="preprocessing">
<config key="preprocColumns">
<entry key="array-size" type="xint" value="8"/>
<entry key="0" type="xstring" value="gotSms"/>
<entry key="1" type="xstring" value="gotEmail"/>
<entry key="2" type="xstring" value="Compaigns"/>
<entry key="3" type="xstring" value="deals2017"/>
<entry key="4" type="xstring" value="totalPrice2017"/>
<entry key="5" type="xstring" value="Age"/>
<entry key="6" type="xstring" value="Service Rating"/>
<entry key="7" type="xstring" value="repurchase"/>
</config>
</config>
